[{"model": "admin.logentry", "pk": 1, "fields": {"action_time": "2024-01-20T08:12:49.133Z", "user": 1, "content_type": 4, "object_id": "2", "object_repr": "kliutko", "action_flag": 1, "change_message": "[{\"added\": {}}]"}}, {"model": "admin.logentry", "pk": 2, "fields": {"action_time": "2024-01-20T08:15:30.349Z", "user": 1, "content_type": 7, "object_id": "1", "object_repr": "Бизнес", "action_flag": 1, "change_message": "[{\"added\": {}}]"}}, {"model": "admin.logentry", "pk": 3, "fields": {"action_time": "2024-01-20T08:15:44.028Z", "user": 1, "content_type": 7, "object_id": "2", "object_repr": "бизнес идеи", "action_flag": 1, "change_message": "[{\"added\": {}}]"}}, {"model": "admin.logentry", "pk": 4, "fields": {"action_time": "2024-01-20T08:15:50.956Z", "user": 1, "content_type": 8, "object_id": "1", "object_repr": "Название:Бизнес идея 1 Категория:", "action_flag": 1, "change_message": "[{\"added\": {}}]"}}, {"model": "admin.logentry", "pk": 5, "fields": {"action_time": "2024-01-20T08:16:15.905Z", "user": 1, "content_type": 8, "object_id": "2", "object_repr": "Название:Бизнес идея 2 Категория:", "action_flag": 1, "change_message": "[{\"added\": {}}]"}}, {"model": "admin.logentry", "pk": 6, "fields": {"action_time": "2024-01-20T08:16:43.921Z", "user": 1, "content_type": 8, "object_id": "3", "object_repr": "Название:Бизнес идея 3 Категория:", "action_flag": 1, "change_message": "[{\"added\": {}}]"}}, {"model": "admin.logentry", "pk": 7, "fields": {"action_time": "2024-01-20T08:17:24.389Z", "user": 1, "content_type": 8, "object_id": "4", "object_repr": "Название:Бизнес идея 4 Категория:", "action_flag": 1, "change_message": "[{\"added\": {}}]"}}, {"model": "admin.logentry", "pk": 8, "fields": {"action_time": "2024-01-20T08:18:26.166Z", "user": 1, "content_type": 8, "object_id": "1", "object_repr": "Название:Бизнес идея 1 Категория:", "action_flag": 2, "change_message": "[{\"changed\": {\"fields\": [\"\\u0417\\u0430\\u0444\\u0438\\u043a\\u0441\\u0438\\u0440\\u043e\\u0432\\u0430\\u043d\\u043e\"]}}]"}}, {"model": "admin.logentry", "pk": 9, "fields": {"action_time": "2024-01-20T08:38:00.913Z", "user": 1, "content_type": 9, "object_id": "1", "object_repr": "admin", "action_flag": 2, "change_message": "[]"}}, {"model": "admin.logentry", "pk": 10, "fields": {"action_time": "2024-01-20T09:11:58.260Z", "user": 1, "content_type": 9, "object_id": "1", "object_repr": "admin", "action_flag": 2, "change_message": "[{\"changed\": {\"fields\": [\"\\u0418\\u043d\\u0444\\u043e\\u0440\\u043c\\u0430\\u0446\\u0438\\u044f \\u043e \\u0441\\u0435\\u0431\\u0435\"]}}]"}}, {"model": "admin.logentry", "pk": 11, "fields": {"action_time": "2024-01-20T09:12:08.679Z", "user": 1, "content_type": 9, "object_id": "1", "object_repr": "admin", "action_flag": 2, "change_message": "[{\"changed\": {\"fields\": [\"\\u0414\\u0430\\u0442\\u0430 \\u0440\\u043e\\u0436\\u0434\\u0435\\u043d\\u0438\\u044f\"]}}]"}}, {"model": "admin.logentry", "pk": 12, "fields": {"action_time": "2024-01-20T09:12:14.592Z", "user": 1, "content_type": 9, "object_id": "1", "object_repr": "admin", "action_flag": 2, "change_message": "[]"}}, {"model": "admin.logentry", "pk": 13, "fields": {"action_time": "2024-01-20T09:20:15.082Z", "user": 1, "content_type": 9, "object_id": "1", "object_repr": "admin", "action_flag": 2, "change_message": "[{\"changed\": {\"fields\": [\"\\u0410\\u0432\\u0430\\u0442\\u0430\\u0440\"]}}]"}}, {"model": "admin.logentry", "pk": 14, "fields": {"action_time": "2024-01-20T09:27:19.869Z", "user": 1, "content_type": 4, "object_id": "1", "object_repr": "admin", "action_flag": 2, "change_message": "[{\"changed\": {\"fields\": [\"First name\", \"Last name\", \"Email address\"]}}]"}}, {"model": "admin.logentry", "pk": 15, "fields": {"action_time": "2024-01-20T12:02:42.740Z", "user": 1, "content_type": 4, "object_id": "3", "object_repr": "kliutko1", "action_flag": 1, "change_message": "[{\"added\": {}}]"}}, {"model": "admin.logentry", "pk": 16, "fields": {"action_time": "2024-01-20T12:53:19.100Z", "user": 1, "content_type": 4, "object_id": "3", "object_repr": "kliutko1", "action_flag": 2, "change_message": "[{\"changed\": {\"fields\": [\"Staff status\"]}}]"}}, {"model": "admin.logentry", "pk": 17, "fields": {"action_time": "2024-01-20T14:53:57.139Z", "user": 1, "content_type": 10, "object_id": "1", "object_repr": "127.0.0.1:8000", "action_flag": 2, "change_message": "[{\"changed\": {\"fields\": [\"Domain name\", \"Display name\"]}}]"}}, {"model": "admin.logentry", "pk": 18, "fields": {"action_time": "2024-01-20T14:57:14.893Z", "user": 1, "content_type": 4, "object_id": "2", "object_repr": "kliutko", "action_flag": 2, "change_message": "[{\"changed\": {\"fields\": [\"Email address\"]}}]"}}, {"model": "admin.logentry", "pk": 19, "fields": {"action_time": "2024-01-26T20:01:11.798Z", "user": 1, "content_type": 4, "object_id": "2", "object_repr": "kliutko", "action_flag": 3, "change_message": ""}}, {"model": "admin.logentry", "pk": 20, "fields": {"action_time": "2024-01-26T20:01:11.851Z", "user": 1, "content_type": 4, "object_id": "4", "object_repr": "kliutko00", "action_flag": 3, "change_message": ""}}, {"model": "admin.logentry", "pk": 21, "fields": {"action_time": "2024-01-26T20:01:11.874Z", "user": 1, "content_type": 4, "object_id": "3", "object_repr": "kliutko1", "action_flag": 3, "change_message": ""}}, {"model": "admin.logentry", "pk": 22, "fields": {"action_time": "2024-01-26T20:01:11.900Z", "user": 1, "content_type": 4, "object_id": "5", "object_repr": "kliutko17", "action_flag": 3, "change_message": ""}}, {"model": "admin.logentry", "pk": 23, "fields": {"action_time": "2024-01-26T20:17:27.809Z", "user": 1, "content_type": 4, "object_id": "6", "object_repr": "kliutko", "action_flag": 3, "change_message": ""}}, {"model": "admin.logentry", "pk": 24, "fields": {"action_time": "2024-01-26T20:17:27.825Z", "user": 1, "content_type": 4, "object_id": "7", "object_repr": "kliutko1", "action_flag": 3, "change_message": ""}}, {"model": "admin.logentry", "pk": 25, "fields": {"action_time": "2024-01-26T20:17:27.842Z", "user": 1, "content_type": 4, "object_id": "8", "object_repr": "kliutko12", "action_flag": 3, "change_message": ""}}, {"model": "admin.logentry", "pk": 26, "fields": {"action_time": "2024-01-26T20:46:56.315Z", "user": 1, "content_type": 9, "object_id": "9", "object_repr": "kliutko", "action_flag": 3, "change_message": ""}}, {"model": "admin.logentry", "pk": 27, "fields": {"action_time": "2024-01-26T20:46:56.353Z", "user": 1, "content_type": 9, "object_id": "10", "object_repr": "kliutko11", "action_flag": 3, "change_message": ""}}, {"model": "admin.logentry", "pk": 28, "fields": {"action_time": "2024-01-26T20:46:56.391Z", "user": 1, "content_type": 9, "object_id": "11", "object_repr": "kliutko55", "action_flag": 3, "change_message": ""}}, {"model": "admin.logentry", "pk": 29, "fields": {"action_time": "2024-01-26T20:47:08.279Z", "user": 1, "content_type": 4, "object_id": "9", "object_repr": "kliutko", "action_flag": 3, "change_message": ""}}, {"model": "admin.logentry", "pk": 30, "fields": {"action_time": "2024-01-26T20:47:08.301Z", "user": 1, "content_type": 4, "object_id": "10", "object_repr": "kliutko11", "action_flag": 3, "change_message": ""}}, {"model": "admin.logentry", "pk": 31, "fields": {"action_time": "2024-01-26T20:47:08.321Z", "user": 1, "content_type": 4, "object_id": "11", "object_repr": "kliutko55", "action_flag": 3, "change_message": ""}}, {"model": "admin.logentry", "pk": 32, "fields": {"action_time": "2024-01-26T20:55:39.301Z", "user": 1, "content_type": 4, "object_id": "12", "object_repr": "kliutko", "action_flag": 3, "change_message": ""}}, {"model": "admin.logentry", "pk": 33, "fields": {"action_time": "2024-01-26T20:55:39.331Z", "user": 1, "content_type": 4, "object_id": "13", "object_repr": "kliutko1", "action_flag": 3, "change_message": ""}}, {"model": "admin.logentry", "pk": 34, "fields": {"action_time": "2024-01-26T20:55:39.356Z", "user": 1, "content_type": 4, "object_id": "14", "object_repr": "kliutko2", "action_flag": 3, "change_message": ""}}, {"model": "admin.logentry", "pk": 35, "fields": {"action_time": "2024-01-26T21:06:29.495Z", "user": 1, "content_type": 4, "object_id": "16", "object_repr": "kli", "action_flag": 3, "change_message": ""}}, {"model": "admin.logentry", "pk": 36, "fields": {"action_time": "2024-01-26T21:06:29.511Z", "user": 1, "content_type": 4, "object_id": "15", "object_repr": "kliutko", "action_flag": 3, "change_message": ""}}, {"model": "admin.logentry", "pk": 37, "fields": {"action_time": "2024-01-26T21:15:56.833Z", "user": 1, "content_type": 4, "object_id": "18", "object_repr": "admin12", "action_flag": 3, "change_message": ""}}, {"model": "admin.logentry", "pk": 38, "fields": {"action_time": "2024-01-26T21:15:56.864Z", "user": 1, "content_type": 4, "object_id": "17", "object_repr": "kliutko", "action_flag": 3, "change_message": ""}}, {"model": "admin.logentry", "pk": 39, "fields": {"action_time": "2024-01-26T21:22:06.782Z", "user": 1, "content_type": 4, "object_id": "20", "object_repr": "adminka", "action_flag": 3, "change_message": ""}}, {"model": "admin.logentry", "pk": 40, "fields": {"action_time": "2024-01-26T21:22:06.805Z", "user": 1, "content_type": 4, "object_id": "19", "object_repr": "kliutko", "action_flag": 3, "change_message": ""}}, {"model": "admin.logentry", "pk": 41, "fields": {"action_time": "2024-01-26T21:27:01.081Z", "user": 1, "content_type": 4, "object_id": "21", "object_repr": "adminka", "action_flag": 3, "change_message": ""}}, {"model": "admin.logentry", "pk": 42, "fields": {"action_time": "2024-01-26T21:27:01.098Z", "user": 1, "content_type": 4, "object_id": "22", "object_repr": "adminti", "action_flag": 3, "change_message": ""}}, {"model": "admin.logentry", "pk": 43, "fields": {"action_time": "2024-01-27T12:44:44.647Z", "user": 1, "content_type": 11, "object_id": "1", "object_repr": "admin:Название:Статья с сайта 4 Категория::комментарий 0 комментарий 0 комментарий 0 комментарий 0 комментарий 0 комментарий 0 комментарий 0 комментарий 0 комментарий 0 комментарий 0 комментарий 0 ком", "action_flag": 1, "change_message": "[{\"added\": {}}]"}}, {"model": "admin.logentry", "pk": 44, "fields": {"action_time": "2024-01-27T12:44:48.046Z", "user": 1, "content_type": 11, "object_id": "2", "object_repr": "admin:Название:Статья с сайта 4 Категория::комментарий1 комментарий1 комментарий1 комментарий1 комментарий1 комментарий1 комментарий1 комментарий1 комментарий1 комментарий1 комментарий1 комментарий1 к", "action_flag": 1, "change_message": "[{\"added\": {}}]"}}, {"model": "admin.logentry", "pk": 45, "fields": {"action_time": "2024-01-28T10:17:31.998Z", "user": 1, "content_type": 12, "object_id": "1", "object_repr": "Вам письмо от 375336736012@ya.ru", "action_flag": 1, "change_message": "[{\"added\": {}}]"}}, {"model": "admin.logentry", "pk": 46, "fields": {"action_time": "2024-01-28T10:53:33.261Z", "user": 1, "content_type": 8, "object_id": "8", "object_repr": "Название:Статья с сайта 4 Категория:", "action_flag": 2, "change_message": "[{\"changed\": {\"fields\": [\"Tags\"]}}]"}}, {"model": "admin.logentry", "pk": 47, "fields": {"action_time": "2024-01-28T11:53:22.865Z", "user": 1, "content_type": 8, "object_id": "7", "object_repr": "Название:Статья добавленная с сайта 2 Редакция 5 Категория:", "action_flag": 2, "change_message": "[{\"changed\": {\"fields\": [\"Tags\"]}}]"}}, {"model": "admin.logentry", "pk": 48, "fields": {"action_time": "2024-01-28T11:53:36.991Z", "user": 1, "content_type": 8, "object_id": "6", "object_repr": "Название:Статья добавлена с сайта 1 редакция 1 Категория:", "action_flag": 2, "change_message": "[{\"changed\": {\"fields\": [\"Tags\"]}}]"}}, {"model": "admin.logentry", "pk": 49, "fields": {"action_time": "2024-01-28T11:53:46.245Z", "user": 1, "content_type": 8, "object_id": "4", "object_repr": "Название:Бизнес идея 4 Категория:", "action_flag": 2, "change_message": "[{\"changed\": {\"fields\": [\"Tags\"]}}]"}}, {"model": "auth.permission", "pk": 1, "fields": {"name": "Can add log entry", "content_type": 1, "codename": "add_logentry"}}, {"model": "auth.permission", "pk": 2, "fields": {"name": "Can change log entry", "content_type": 1, "codename": "change_logentry"}}, {"model": "auth.permission", "pk": 3, "fields": {"name": "Can delete log entry", "content_type": 1, "codename": "delete_logentry"}}, {"model": "auth.permission", "pk": 4, "fields": {"name": "Can view log entry", "content_type": 1, "codename": "view_logentry"}}, {"model": "auth.permission", "pk": 5, "fields": {"name": "Can add permission", "content_type": 2, "codename": "add_permission"}}, {"model": "auth.permission", "pk": 6, "fields": {"name": "Can change permission", "content_type": 2, "codename": "change_permission"}}, {"model": "auth.permission", "pk": 7, "fields": {"name": "Can delete permission", "content_type": 2, "codename": "delete_permission"}}, {"model": "auth.permission", "pk": 8, "fields": {"name": "Can view permission", "content_type": 2, "codename": "view_permission"}}, {"model": "auth.permission", "pk": 9, "fields": {"name": "Can add group", "content_type": 3, "codename": "add_group"}}, {"model": "auth.permission", "pk": 10, "fields": {"name": "Can change group", "content_type": 3, "codename": "change_group"}}, {"model": "auth.permission", "pk": 11, "fields": {"name": "Can delete group", "content_type": 3, "codename": "delete_group"}}, {"model": "auth.permission", "pk": 12, "fields": {"name": "Can view group", "content_type": 3, "codename": "view_group"}}, {"model": "auth.permission", "pk": 13, "fields": {"name": "Can add user", "content_type": 4, "codename": "add_user"}}, {"model": "auth.permission", "pk": 14, "fields": {"name": "Can change user", "content_type": 4, "codename": "change_user"}}, {"model": "auth.permission", "pk": 15, "fields": {"name": "Can delete user", "content_type": 4, "codename": "delete_user"}}, {"model": "auth.permission", "pk": 16, "fields": {"name": "Can view user", "content_type": 4, "codename": "view_user"}}, {"model": "auth.permission", "pk": 17, "fields": {"name": "Can add content type", "content_type": 5, "codename": "add_contenttype"}}, {"model": "auth.permission", "pk": 18, "fields": {"name": "Can change content type", "content_type": 5, "codename": "change_contenttype"}}, {"model": "auth.permission", "pk": 19, "fields": {"name": "Can delete content type", "content_type": 5, "codename": "delete_contenttype"}}, {"model": "auth.permission", "pk": 20, "fields": {"name": "Can view content type", "content_type": 5, "codename": "view_contenttype"}}, {"model": "auth.permission", "pk": 21, "fields": {"name": "Can add session", "content_type": 6, "codename": "add_session"}}, {"model": "auth.permission", "pk": 22, "fields": {"name": "Can change session", "content_type": 6, "codename": "change_session"}}, {"model": "auth.permission", "pk": 23, "fields": {"name": "Can delete session", "content_type": 6, "codename": "delete_session"}}, {"model": "auth.permission", "pk": 24, "fields": {"name": "Can view session", "content_type": 6, "codename": "view_session"}}, {"model": "auth.permission", "pk": 25, "fields": {"name": "Can add Категория", "content_type": 7, "codename": "add_category"}}, {"model": "auth.permission", "pk": 26, "fields": {"name": "Can change Категория", "content_type": 7, "codename": "change_category"}}, {"model": "auth.permission", "pk": 27, "fields": {"name": "Can delete Категория", "content_type": 7, "codename": "delete_category"}}, {"model": "auth.permission", "pk": 28, "fields": {"name": "Can view Категория", "content_type": 7, "codename": "view_category"}}, {"model": "auth.permission", "pk": 29, "fields": {"name": "Can add Статья", "content_type": 8, "codename": "add_article"}}, {"model": "auth.permission", "pk": 30, "fields": {"name": "Can change Статья", "content_type": 8, "codename": "change_article"}}, {"model": "auth.permission", "pk": 31, "fields": {"name": "Can delete Статья", "content_type": 8, "codename": "delete_article"}}, {"model": "auth.permission", "pk": 32, "fields": {"name": "Can view Статья", "content_type": 8, "codename": "view_article"}}, {"model": "auth.permission", "pk": 33, "fields": {"name": "Can add Профиль", "content_type": 9, "codename": "add_profile"}}, {"model": "auth.permission", "pk": 34, "fields": {"name": "Can change Профиль", "content_type": 9, "codename": "change_profile"}}, {"model": "auth.permission", "pk": 35, "fields": {"name": "Can delete Профиль", "content_type": 9, "codename": "delete_profile"}}, {"model": "auth.permission", "pk": 36, "fields": {"name": "Can view Профиль", "content_type": 9, "codename": "view_profile"}}, {"model": "auth.permission", "pk": 37, "fields": {"name": "Can add site", "content_type": 10, "codename": "add_site"}}, {"model": "auth.permission", "pk": 38, "fields": {"name": "Can change site", "content_type": 10, "codename": "change_site"}}, {"model": "auth.permission", "pk": 39, "fields": {"name": "Can delete site", "content_type": 10, "codename": "delete_site"}}, {"model": "auth.permission", "pk": 40, "fields": {"name": "Can view site", "content_type": 10, "codename": "view_site"}}, {"model": "auth.permission", "pk": 41, "fields": {"name": "Can add Комментарий", "content_type": 11, "codename": "add_comment"}}, {"model": "auth.permission", "pk": 42, "fields": {"name": "Can change Комментарий", "content_type": 11, "codename": "change_comment"}}, {"model": "auth.permission", "pk": 43, "fields": {"name": "Can delete Комментарий", "content_type": 11, "codename": "delete_comment"}}, {"model": "auth.permission", "pk": 44, "fields": {"name": "Can view Комментарий", "content_type": 11, "codename": "view_comment"}}, {"model": "auth.permission", "pk": 45, "fields": {"name": "Can add Обратная связь", "content_type": 12, "codename": "add_feedback"}}, {"model": "auth.permission", "pk": 46, "fields": {"name": "Can change Обратная связь", "content_type": 12, "codename": "change_feedback"}}, {"model": "auth.permission", "pk": 47, "fields": {"name": "Can delete Обратная связь", "content_type": 12, "codename": "delete_feedback"}}, {"model": "auth.permission", "pk": 48, "fields": {"name": "Can view Обратная связь", "content_type": 12, "codename": "view_feedback"}}, {"model": "auth.permission", "pk": 49, "fields": {"name": "Can add tag", "content_type": 13, "codename": "add_tag"}}, {"model": "auth.permission", "pk": 50, "fields": {"name": "Can change tag", "content_type": 13, "codename": "change_tag"}}, {"model": "auth.permission", "pk": 51, "fields": {"name": "Can delete tag", "content_type": 13, "codename": "delete_tag"}}, {"model": "auth.permission", "pk": 52, "fields": {"name": "Can view tag", "content_type": 13, "codename": "view_tag"}}, {"model": "auth.permission", "pk": 53, "fields": {"name": "Can add tagged item", "content_type": 14, "codename": "add_taggeditem"}}, {"model": "auth.permission", "pk": 54, "fields": {"name": "Can change tagged item", "content_type": 14, "codename": "change_taggeditem"}}, {"model": "auth.permission", "pk": 55, "fields": {"name": "Can delete tagged item", "content_type": 14, "codename": "delete_taggeditem"}}, {"model": "auth.permission", "pk": 56, "fields": {"name": "Can view tagged item", "content_type": 14, "codename": "view_taggeditem"}}, {"model": "auth.user", "pk": 1, "fields": {"password": "pbkdf2_sha256$390000$5uPy2Kyr7UGRtS6EFKQfZ9$bNksmLz0XZjRu63ZsTxz1llr0snFS8O2HxwWmZpA93Q=", "last_login": "2024-01-28T12:06:01.955Z", "is_superuser": true, "username": "admin", "first_name": "Евгений", "last_name": "Клютко", "email": "kliutko.fr@gmail.com", "is_staff": true, "is_active": true, "date_joined": "2024-01-20T08:11:31Z", "groups": [], "user_permissions": []}}, {"model": "auth.user", "pk": 23, "fields": {"password": "pbkdf2_sha256$390000$SSiEbb5KPlxBKxss4Ev9gB$fdoi15fD4hXdayLfqqWqYn0oO6YAQL5CV3srdASRIYc=", "last_login": null, "is_superuser": false, "username": "kliutko", "first_name": "yauheni", "last_name": "kliutko", "email": "kliutko.fr@ya.ru", "is_staff": false, "is_active": false, "date_joined": "2024-01-26T21:27:39.492Z", "groups": [], "user_permissions": []}}, {"model": "auth.user", "pk": 24, "fields": {"password": "pbkdf2_sha256$390000$p4TrlmSR8RrRSYskGqBh6O$x4w/VBscLraFQnIeMiDRIkE9VuPbJNpX1cm3lyuNOTA=", "last_login": null, "is_superuser": false, "username": "adminka", "first_name": "yauheni", "last_name": "kliutko", "email": "375336736012@ya.ru", "is_staff": false, "is_active": false, "date_joined": "2024-01-26T21:28:15.018Z", "groups": [], "user_permissions": []}}, {"model": "sites.site", "pk": 1, "fields": {"domain": "127.0.0.1:8000", "name": "127.0.0.1:8000"}}, {"model": "sessions.session", "pk": "2ufwicrpardfx6ypzn2f8dpq92239ei4", "fields": {"session_data": ".eJxVjMEOwiAQBf-FsyHAQgGP3v0GssAiVQNJaU_Gf9cmPej1zcx7sYDbWsM2aAlzZmcm2el3i5ge1HaQ79hunafe1mWOfFf4QQe_9kzPy-H-HVQc9VuLSJPxSgCAlF77QtIhpjyBNRaKVtZn0uCSNblIZwQIclphtCBdFMDeH7oeNrM:1rU3vG:CasqUzI_9drL_Mi4QFcBo2_cOWT9WvXk-A9cMEcy8Us", "expire_date": "2024-02-11T12:06:02.182Z"}}, {"model": "sessions.session", "pk": "bl2amm54dypx0ed1jgrsk6t3gh8knrzj", "fields": {"session_data": "e30:1rRBZh:FS9N41kiZ89T8LqkC5ZaB9aXfCGTWu7Qu4d8chXcVBY", "expire_date": "2024-02-03T13:39:53.581Z"}}, {"model": "blog.category", "pk": 1, "fields": {"title": "Бизнес", "slug": "biznes", "description": "бизнес", "parent": null, "lft": 1, "rght": 4, "tree_id": 1, "level": 0}}, {"model": "blog.category", "pk": 2, "fields": {"title": "бизнес идеи", "slug": "biznes-idei", "description": "бизнес идеи", "parent": 1, "lft": 2, "rght": 3, "tree_id": 1, "level": 1}}, {"model": "blog.article", "pk": 1, "fields": {"title": "Бизнес идея 1", "slug": "biznes-ideya-1", "short_description": "Бизнес идея 1 Бизнес идея 1 Бизнес идея 1 Бизнес идея 1 Бизнес идея 1 Бизнес идея 1 Бизнес идея 1 Бизнес идея 1 Бизнес идея 1 Бизнес идея 1 Бизнес идея 1 Бизнес идея 1 Бизнес идея 1 Бизнес идея 1 Бизнес идея 1 Бизнес идея 1 Бизнес идея 1 Бизнес идея 1 Бизнес идея 1 Бизнес идея 1 Бизнес идея 1 Бизнес идея 1 Бизнес идея 1 Бизнес идея 1 Бизнес идея 1 Бизнес идея 1 Бизнес идея 1 Бизнес идея 1 Бизнес идея 1 Бизнес идея 1 Бизнес идея 1 Бизнес идея 1 Бизнес идея 1 Бизнес идея 1 Бизнес идея 1 Бизнес иде", "full_description": "Бизнес идея 1 Бизнес идея 1 Бизнес идея 1 Бизнес идея 1 Бизнес идея 1 Бизнес идея 1 Бизнес идея 1 Бизнес идея 1 Бизнес идея 1 Бизнес идея 1 Бизнес идея 1 Бизнес идея 1 Бизнес идея 1 Бизнес идея 1 Бизнес идея 1 Бизнес идея 1 Бизнес идея 1 Бизнес идея 1 Бизнес идея 1 Бизнес идея 1 Бизнес идея 1 Бизнес идея 1 Бизнес идея 1 Бизнес идея 1 Бизнес идея 1 Бизнес идея 1 Бизнес идея 1 Бизнес идея 1 Бизнес идея 1 Бизнес идея 1 Бизнес идея 1 Бизнес идея 1 Бизнес идея 1 Бизнес идея 1 Бизнес идея 1 Бизнес идея 1 Бизнес идея 1 Бизнес идея 1 Бизнес идея 1 Бизнес идея 1 Бизнес идея 1 Бизнес идея 1 Бизнес идея 1 Бизнес идея 1 Бизнес идея 1 Бизнес идея 1 Бизнес идея 1 Бизнес идея 1 Бизнес идея 1 Бизнес идея 1 Бизнес идея 1 Бизнес идея 1 Бизнес идея 1 Бизнес идея 1 Бизнес идея 1 Бизнес идея 1 Бизнес идея 1 Бизнес идея 1 Бизнес идея 1 Бизнес идея 1 Бизнес идея 1 Бизнес идея 1 Бизнес идея 1 Бизнес идея 1 Бизнес идея 1 Бизнес идея 1 Бизнес идея 1 Бизнес идея 1 Бизнес идея 1 Бизнес идея 1 Бизнес идея 1 Бизнес идея 1 Бизнес идея 1 Бизнес идея 1 Бизнес идея 1 Бизнес идея 1 Бизнес идея 1 Бизнес идея 1 Бизнес идея 1 Бизнес идея 1 Бизнес идея 1 Бизнес идея 1 Бизнес идея 1 Бизнес идея 1 Бизнес идея 1 Бизнес идея 1 Бизнес идея 1 Бизнес идея 1 Бизнес идея 1 Бизнес идея 1 Бизнес идея 1 Бизнес идея 1 Бизнес идея 1 Бизнес идея 1 Бизнес идея 1 Бизнес идея 1 Бизнес идея 1 Бизнес идея 1 Бизнес идея 1 Бизнес идея 1 Бизнес идея 1 Бизнес идея 1 Бизнес идея 1 Бизнес идея 1 Бизнес идея 1 Бизнес идея 1 Бизнес идея 1 Бизнес идея 1 Бизнес идея 1 Бизнес идея 1", "thumbnail": "images/thumbnails/2024/01/20/brain-8258274_1920-1140x540.jpg", "status": "published", "time_create": "2024-01-20T08:15:50.916Z", "time_update": "2024-01-20T08:18:26.160Z", "author": 1, "updater": null, "fixed": false, "category": 2}}, {"model": "blog.article", "pk": 2, "fields": {"title": "Бизнес идея 2", "slug": "biznes-ideya-2", "short_description": "Бизнес идея 2 Бизнес идея 2 Бизнес идея 2 Бизнес идея 2 Бизнес идея 2 Бизнес идея 2 Бизнес идея 2 Бизнес идея 2 Бизнес идея 2 Бизнес идея 2 Бизнес идея 2 Бизнес идея 2 Бизнес идея 2 Бизнес идея 2 Бизнес идея 2 Бизнес идея 2 Бизнес идея 2 Бизнес идея 2 Бизнес идея 2 Бизнес идея 2 Бизнес идея 2 Бизнес идея 2 Бизнес идея 2 Бизнес идея 2 Бизнес идея 2 Бизнес идея 2 Бизнес идея 2 Бизнес идея 2 Бизнес идея 2 Бизнес идея 2 Бизнес идея 2 Бизнес идея 2 Бизнес идея 2 Бизнес идея 2 Бизнес идея 2 Бизнес иде", "full_description": "Бизнес идея 2 Бизнес идея 2 Бизнес идея 2 Бизнес идея 2 Бизнес идея 2 Бизнес идея 2 Бизнес идея 2 Бизнес идея 2 Бизнес идея 2 Бизнес идея 2 Бизнес идея 2 Бизнес идея 2 Бизнес идея 2 Бизнес идея 2 Бизнес идея 2 Бизнес идея 2 Бизнес идея 2 Бизнес идея 2 Бизнес идея 2 Бизнес идея 2 Бизнес идея 2 Бизнес идея 2 Бизнес идея 2 Бизнес идея 2 Бизнес идея 2 Бизнес идея 2 Бизнес идея 2 Бизнес идея 2 Бизнес идея 2 Бизнес идея 2 Бизнес идея 2 Бизнес идея 2 Бизнес идея 2 Бизнес идея 2 Бизнес идея 2 Бизнес идея 2 Бизнес идея 2 Бизнес идея 2 Бизнес идея 2 Бизнес идея 2 Бизнес идея 2 Бизнес идея 2 Бизнес идея 2 Бизнес идея 2 Бизнес идея 2 Бизнес идея 2 Бизнес идея 2 Бизнес идея 2 Бизнес идея 2 Бизнес идея 2 Бизнес идея 2 Бизнес идея 2 Бизнес идея 2 Бизнес идея 2 Бизнес идея 2 Бизнес идея 2 Бизнес идея 2 Бизнес идея 2 Бизнес идея 2 Бизнес идея 2 Бизнес идея 2 Бизнес идея 2 Бизнес идея 2 Бизнес идея 2 Бизнес идея 2 Бизнес идея 2 Бизнес идея 2 Бизнес идея 2 Бизнес идея 2 Бизнес идея 2 Бизнес идея 2 Бизнес идея 2 Бизнес идея 2 Бизнес идея 2 Бизнес идея 2 Бизнес идея 2 Бизнес идея 2 Бизнес идея 2 Бизнес идея 2 Бизнес идея 2 Бизнес идея 2 Бизнес идея 2 Бизнес идея 2 Бизнес идея 2 Бизнес идея 2 Бизнес идея 2 Бизнес идея 2 Бизнес идея 2 Бизнес идея 2 Бизнес идея 2 Бизнес идея 2 Бизнес идея 2 Бизнес идея 2 Бизнес идея 2 Бизнес идея 2 Бизнес идея 2 Бизнес идея 2 Бизнес идея 2 Бизнес идея 2 Бизнес идея 2 Бизнес идея 2 Бизнес идея 2 Бизнес идея 2 Бизнес идея 2 Бизнес идея 2 Бизнес идея 2 Бизнес идея 2 Бизнес идея 2 Бизнес идея 2 Бизнес идея 2 Бизнес идея 2 Бизнес идея 2 Бизнес идея 2 Бизнес идея 2 Бизнес идея 2 Бизнес идея 2 Бизнес идея 2 Бизнес идея 2 Бизнес идея 2 Бизнес идея 2 Бизнес идея 2 Бизнес идея 2 Бизнес идея 2 Бизнес идея 2 Бизнес идея 2 Бизнес идея 2 Бизнес идея 2 Бизнес идея 2 Бизнес идея 2 Бизнес идея 2 Бизнес идея 2 Бизнес идея 2 Бизнес идея 2 Бизнес идея 2 Бизнес идея 2 Бизнес идея 2 Бизнес идея 2 Бизнес идея 2", "thumbnail": "", "status": "published", "time_create": "2024-01-20T08:16:15.890Z", "time_update": "2024-01-20T08:16:15.890Z", "author": 1, "updater": null, "fixed": false, "category": 2}}, {"model": "blog.article", "pk": 3, "fields": {"title": "Бизнес идея 3", "slug": "biznes-ideya-3", "short_description": "Бизнес идея 3 Бизнес идея 3 Бизнес идея 3 Бизнес идея 3 Бизнес идея 3 Бизнес идея 3 Бизнес идея 3 Бизнес идея 3 Бизнес идея 3 Бизнес идея 3 Бизнес идея 3 Бизнес идея 3 Бизнес идея 3 Бизнес идея 3 Бизнес идея 3 Бизнес идея 3 Бизнес идея 3 Бизнес идея 3 Бизнес идея 3 Бизнес идея 3 Бизнес идея 3 Бизнес идея 3 Бизнес идея 3 Бизнес идея 3 Бизнес идея 3 Бизнес идея 3 Бизнес идея 3 Бизнес идея 3 Бизнес идея 3 Бизнес идея 3 Бизнес идея 3 Бизнес идея 3 Бизнес идея 3 Бизнес идея 3 Бизнес идея 3 Бизнес иде", "full_description": "Бизнес идея 3 Бизнес идея 3 Бизнес идея 3 Бизнес идея 3 Бизнес идея 3 Бизнес идея 3 Бизнес идея 3 Бизнес идея 3 Бизнес идея 3 Бизнес идея 3 Бизнес идея 3 Бизнес идея 3 Бизнес идея 3 Бизнес идея 3 Бизнес идея 3 Бизнес идея 3 Бизнес идея 3 Бизнес идея 3 Бизнес идея 3 Бизнес идея 3 Бизнес идея 3 Бизнес идея 3 Бизнес идея 3 Бизнес идея 3 Бизнес идея 3 Бизнес идея 3 Бизнес идея 3 Бизнес идея 3 Бизнес идея 3 Бизнес идея 3 Бизнес идея 3 Бизнес идея 3 Бизнес идея 3 Бизнес идея 3 Бизнес идея 3 Бизнес идея 3 Бизнес идея 3 Бизнес идея 3 Бизнес идея 3 Бизнес идея 3 Бизнес идея 3 Бизнес идея 3 Бизнес идея 3 Бизнес идея 3 Бизнес идея 3 Бизнес идея 3 Бизнес идея 3 Бизнес идея 3 Бизнес идея 3 Бизнес идея 3 Бизнес идея 3 Бизнес идея 3 Бизнес идея 3 Бизнес идея 3 Бизнес идея 3 Бизнес идея 3 Бизнес идея 3 Бизнес идея 3 Бизнес идея 3 Бизнес идея 3 Бизнес идея 3 Бизнес идея 3 Бизнес идея 3 Бизнес идея 3 Бизнес идея 3 Бизнес идея 3 Бизнес идея 3 Бизнес идея 3 Бизнес идея 3 Бизнес идея 3 Бизнес идея 3 Бизнес идея 3 Бизнес идея 3 Бизнес идея 3 Бизнес идея 3 Бизнес идея 3 Бизнес идея 3 Бизнес идея 3 Бизнес идея 3 Бизнес идея 3 Бизнес идея 3 Бизнес идея 3 Бизнес идея 3 Бизнес идея 3 Бизнес идея 3 Бизнес идея 3 Бизнес идея 3 Бизнес идея 3 Бизнес идея 3 Бизнес идея 3 Бизнес идея 3 Бизнес идея 3 Бизнес идея 3 Бизнес идея 3 Бизнес идея 3 Бизнес идея 3 Бизнес идея 3 Бизнес идея 3 Бизнес идея 3 Бизнес идея 3 Бизнес идея 3 Бизнес идея 3 Бизнес идея 3 Бизнес идея 3 Бизнес идея 3 Бизнес идея 3 Бизнес идея 3 Бизнес идея 3 Бизнес идея 3 Бизнес идея 3 Бизнес идея 3 Бизнес идея 3 Бизнес идея 3 Бизнес идея 3 Бизнес идея 3 Бизнес идея 3 Бизнес идея 3 Бизнес идея 3 Бизнес идея 3 Бизнес идея 3 Бизнес идея 3 Бизнес идея 3 Бизнес идея 3 Бизнес идея 3 Бизнес идея 3 Бизнес идея 3 Бизнес идея 3 Бизнес идея 3 Бизнес идея 3 Бизнес идея 3 Бизнес идея 3 Бизнес идея 3 Бизнес идея 3 Бизнес идея 3 Бизнес идея 3 Бизнес идея 3 Бизнес идея 3 Бизнес идея 3 Бизнес идея 3 Бизнес идея 3 Бизнес идея 3 Бизнес идея 3 Бизнес идея 3 Бизнес идея 3 Бизнес идея 3 Бизнес идея 3 Бизнес идея 3 Бизнес идея 3 Бизнес идея 3 Бизнес идея 3 Бизнес идея 3 Бизнес идея 3 Бизнес идея 3 Бизнес идея 3 Бизнес идея 3 Бизнес идея 3 Бизнес идея 3 Бизнес идея 3 Бизнес идея 3 Бизнес идея 3 Бизнес идея 3 Бизнес идея 3 Бизнес идея 3 Бизнес идея 3 Бизнес идея 3 Бизнес идея 3 Бизнес идея 3 Бизнес идея 3 Бизнес идея 3 Бизнес идея 3 Бизнес идея 3 Бизнес идея 3 Бизнес идея 3 Бизнес идея 3 Бизнес идея 3 Бизнес идея 3 Бизнес идея 3 Бизнес идея 3 Бизнес идея 3 Бизнес идея 3 Бизнес идея 3 Бизнес идея 3 Бизнес идея 3 Бизнес идея 3 Бизнес идея 3 Бизнес идея 3 Бизнес идея 3 Бизнес идея 3 Бизнес идея 3 Бизнес идея 3 Бизнес идея 3 Бизнес идея 3 Бизнес идея 3 Бизнес идея 3 Бизнес идея 3 Бизнес идея 3 Бизнес идея 3 Бизнес идея 3 Бизнес идея 3 Бизнес идея 3 Бизнес идея 3 Бизнес идея 3 Бизнес идея 3 Бизнес идея 3 Бизнес идея 3 Бизнес идея 3 Бизнес идея 3 Бизнес идея 3 Бизнес идея 3 Бизнес идея 3 Бизнес идея 3 Бизнес идея 3 Бизнес идея 3 Бизнес идея 3 Бизнес идея 3 Бизнес идея 3 Бизнес идея 3 Бизнес идея 3 Бизнес идея 3 Бизнес идея 3 Бизнес идея 3 Бизнес идея 3 Бизнес идея 3 Бизнес идея 3 Бизнес идея 3 Бизнес идея 3 Бизнес идея 3 Бизнес идея 3 Бизнес идея 3 Бизнес идея 3 Бизнес идея 3 Бизнес идея 3 Бизнес идея 3 Бизнес идея 3 Бизнес идея 3 Бизнес идея 3 Бизнес идея 3 Бизнес идея 3 Бизнес идея 3 Бизнес идея 3 Бизнес идея 3 Бизнес идея 3 Бизнес идея 3 Бизнес идея 3 Бизнес идея 3 Бизнес идея 3 Бизнес идея 3 Бизнес идея 3 Бизнес идея 3 Бизнес идея 3 Бизнес идея 3 Бизнес идея 3 Бизнес идея 3 Бизнес идея 3 Бизнес идея 3 Бизнес идея 3 Бизнес идея 3 Бизнес идея 3 Бизнес идея 3 Бизнес идея 3 Бизнес идея 3 Бизнес идея 3 Бизнес идея 3 Бизнес идея 3 Бизнес идея 3 Бизнес идея 3", "thumbnail": "", "status": "published", "time_create": "2024-01-20T08:16:43.909Z", "time_update": "2024-01-20T08:16:43.909Z", "author": 1, "updater": null, "fixed": false, "category": 2}}, {"model": "blog.article", "pk": 4, "fields": {"title": "Бизнес идея 4", "slug": "biznes-ideya-4", "short_description": "Бизнес идея 4 Бизнес идея 4 Бизнес идея 4 Бизнес идея 4 Бизнес идея 4 Бизнес идея 4 Бизнес идея 4 Бизнес идея 4 Бизнес идея 4 Бизнес идея 4 Бизнес идея 4 Бизнес идея 4 Бизнес идея 4 Бизнес идея 4 Бизнес идея 4 Бизнес идея 4 Бизнес идея 4 Бизнес идея 4 Бизнес идея 4 Бизнес идея 4 Бизнес идея 4 Бизнес идея 4 Бизнес идея 4 Бизнес идея 4 Бизнес идея 4 Бизнес идея 4 Бизнес идея 4 Бизнес идея 4 Бизнес идея 4 Бизнес идея 4 Бизнес идея 4 Бизнес идея 4 Бизнес идея 4 Бизнес идея 4 Бизнес идея 4 Бизнес иде", "full_description": "Бизнес идея 4 Бизнес идея 4 Бизнес идея 4 Бизнес идея 4 Бизнес идея 4 Бизнес идея 4 Бизнес идея 4 Бизнес идея 4 Бизнес идея 4 Бизнес идея 4 Бизнес идея 4 Бизнес идея 4 Бизнес идея 4 Бизнес идея 4 Бизнес идея 4 Бизнес идея 4 Бизнес идея 4 Бизнес идея 4 Бизнес идея 4 Бизнес идея 4 Бизнес идея 4 Бизнес идея 4 Бизнес идея 4 Бизнес идея 4 Бизнес идея 4 Бизнес идея 4 Бизнес идея 4 Бизнес идея 4 Бизнес идея 4 Бизнес идея 4 Бизнес идея 4 Бизнес идея 4 Бизнес идея 4 Бизнес идея 4 Бизнес идея 4 Бизнес идея 4 Бизнес идея 4 Бизнес идея 4 Бизнес идея 4 Бизнес идея 4 Бизнес идея 4 Бизнес идея 4 Бизнес идея 4 Бизнес идея 4 Бизнес идея 4 Бизнес идея 4 Бизнес идея 4 Бизнес идея 4 Бизнес идея 4 Бизнес идея 4 Бизнес идея 4 Бизнес идея 4 Бизнес идея 4 Бизнес идея 4 Бизнес идея 4 Бизнес идея 4 Бизнес идея 4 Бизнес идея 4 Бизнес идея 4 Бизнес идея 4 Бизнес идея 4 Бизнес идея 4 Бизнес идея 4 Бизнес идея 4 Бизнес идея 4 Бизнес идея 4 Бизнес идея 4 Бизнес идея 4 Бизнес идея 4 Бизнес идея 4 Бизнес идея 4 Бизнес идея 4 Бизнес идея 4 Бизнес идея 4 Бизнес идея 4 Бизнес идея 4 Бизнес идея 4 Бизнес идея 4 Бизнес идея 4 Бизнес идея 4 Бизнес идея 4 Бизнес идея 4 Бизнес идея 4 Бизнес идея 4 Бизнес идея 4 Бизнес идея 4 Бизнес идея 4 Бизнес идея 4 Бизнес идея 4 Бизнес идея 4 Бизнес идея 4 Бизнес идея 4 Бизнес идея 4 Бизнес идея 4 Бизнес идея 4 Бизнес идея 4 Бизнес идея 4 Бизнес идея 4 Бизнес идея 4 Бизнес идея 4 Бизнес идея 4 Бизнес идея 4 Бизнес идея 4 Бизнес идея 4 Бизнес идея 4 Бизнес идея 4 Бизнес идея 4 Бизнес идея 4 Бизнес идея 4 Бизнес идея 4 Бизнес идея 4 Бизнес идея 4 Бизнес идея 4 Бизнес идея 4 Бизнес идея 4 Бизнес идея 4 Бизнес идея 4 Бизнес идея 4 Бизнес идея 4 Бизнес идея 4 Бизнес идея 4 Бизнес идея 4 Бизнес идея 4 Бизнес идея 4 Бизнес идея 4 Бизнес идея 4 Бизнес идея 4 Бизнес идея 4 Бизнес идея 4 Бизнес идея 4 Бизнес идея 4 Бизнес идея 4 Бизнес идея 4 Бизнес идея 4 Бизнес идея 4 Бизнес идея 4 Бизнес идея 4 Бизнес идея 4 Бизнес идея 4 Бизнес идея 4 Бизнес идея 4 Бизнес идея 4 Бизнес идея 4 Бизнес идея 4 Бизнес идея 4 Бизнес идея 4 Бизнес идея 4 Бизнес идея 4 Бизнес идея 4 Бизнес идея 4 Бизнес идея 4 Бизнес идея 4 Бизнес идея 4 Бизнес идея 4 Бизнес идея 4 Бизнес идея 4 Бизнес идея 4 Бизнес идея 4 Бизнес идея 4 Бизнес идея 4 Бизнес идея 4 Бизнес идея 4 Бизнес идея 4 Бизнес идея 4 Бизнес идея 4 Бизнес идея 4", "thumbnail": "images/thumbnails/2024/01/20/home-office-4980353_1280-1140x540.jpg", "status": "published", "time_create": "2024-01-20T08:17:24.374Z", "time_update": "2024-01-28T11:53:46.097Z", "author": 1, "updater": null, "fixed": false, "category": 2}}, {"model": "blog.article", "pk": 6, "fields": {"title": "Статья добавлена с сайта 1 редакция 1", "slug": "statia-dobavlena-s-sita-1", "short_description": "Статья добавлена с сайта 1 Статья добавлена с сайта 1 Статья добавлена с сайта 1 Статья добавлена с сайта 1 Статья добавлена с сайта 1 Статья добавлена с сайта 1 Статья добавлена с сайта 1 Статья добавлена с сайта 1 Статья добавлена с сайта 1 Статья добавлена с сайта 1 Статья добавлена с сайта 1 Статья добавлена с сайта 1 Статья добавлена с сайта 1 Статья добавлена с сайта 1 Статья добавлена с сайта 1 Статья добавлена с сайта 1 Статья добавлена с сайта 1 Статья добавлена с сайта 1 Статья добавле", "full_description": "Статья добавлена с сайта 1 Статья добавлена с сайта 1 Статья добавлена с сайта 1 Статья добавлена с сайта 1 Статья добавлена с сайта 1 Статья добавлена с сайта 1 Статья добавлена с сайта 1 Статья добавлена с сайта 1 Статья добавлена с сайта 1 Статья добавлена с сайта 1 Статья добавлена с сайта 1 Статья добавлена с сайта 1 Статья добавлена с сайта 1 Статья добавлена с сайта 1 Статья добавлена с сайта 1 Статья добавлена с сайта 1 Статья добавлена с сайта 1 Статья добавлена с сайта 1 Статья добавлена с сайта 1 Статья добавлена с сайта 1 Статья добавлена с сайта 1 Статья добавлена с сайта 1 Статья добавлена с сайта 1 Статья добавлена с сайта 1 Статья добавлена с сайта 1 Статья добавлена с сайта 1 Статья добавлена с сайта 1 Статья добавлена с сайта 1 Статья добавлена с сайта 1 Статья добавлена с сайта 1 Статья добавлена с сайта 1 Статья добавлена с сайта 1 Статья добавлена с сайта 1 Статья добавлена с сайта 1 Статья добавлена с сайта 1 Статья добавлена с сайта 1 Статья добавлена с сайта 1 Статья добавлена с сайта 1 Статья добавлена с сайта 1 Статья добавлена с сайта 1 Статья добавлена с сайта 1 Статья добавлена с сайта 1 Статья добавлена с сайта 1 Статья добавлена с сайта 1 Статья добавлена с сайта 1 Статья добавлена с сайта 1 Статья добавлена с сайта 1 Статья добавлена с сайта 1 Статья добавлена с сайта 1 Статья добавлена с сайта 1 Статья добавлена с сайта 1 Статья добавлена с сайта 1 Статья добавлена с сайта 1 Статья добавлена с сайта 1 Статья добавлена с сайта 1 Статья добавлена с сайта 1 Статья добавлена с сайта 1 Статья добавлена с сайта 1 Статья добавлена с сайта 1 Статья добавлена с сайта 1 Статья добавлена с сайта 1 Статья добавлена с сайта 1 Статья добавлена с сайта 1 Статья добавлена с сайта 1 Статья добавлена с сайта 1 Статья добавлена с сайта 1 Статья добавлена с сайта 1 Статья добавлена с сайта 1 Статья добавлена с сайта 1 Статья добавлена с сайта 1 Статья добавлена с сайта 1 Статья добавлена с сайта 1 Статья добавлена с сайта 1 Статья добавлена с сайта 1 Статья добавлена с сайта 1 Статья добавлена с сайта 1 Статья добавлена с сайта 1 Статья добавлена с сайта 1 Статья добавлена с сайта 1 Статья добавлена с сайта 1 Статья добавлена с сайта 1 Статья добавлена с сайта 1 Статья добавлена с сайта 1 Статья добавлена с сайта 1 Статья добавлена с сайта 1 Статья добавлена с сайта 1 Статья добавлена с сайта 1 Статья добавлена с сайта 1 Статья добавлена с сайта 1 Статья добавлена с сайта 1 Статья добавлена с сайта 1 Статья добавлена с сайта 1 Статья добавлена с сайта 1 Статья добавлена с сайта 1 Статья добавлена с сайта 1 Статья добавлена с сайта 1 Статья добавлена с сайта 1 Статья добавлена с сайта 1 Статья добавлена с сайта 1 Статья добавлена с сайта 1 Статья добавлена с сайта 1 Статья добавлена с сайта 1 Статья добавлена с сайта 1 Статья добавлена с сайта 1 Статья добавлена с сайта 1 Статья добавлена с сайта 1 Статья добавлена с сайта 1 Статья добавлена с сайта 1 Статья добавлена с сайта 1 Статья добавлена с сайта 1 Статья добавлена с сайта 1 Статья добавлена с сайта 1 Статья добавлена с сайта 1 Статья добавлена с сайта 1 Статья добавлена с сайта 1 Статья добавлена с сайта 1 Статья добавлена с сайта 1 Статья добавлена с сайта 1 Статья добавлена с сайта 1 Статья добавлена с сайта 1 Статья добавлена с сайта 1 Статья добавлена с сайта 1 Статья добавлена с сайта 1 Статья добавлена с сайта 1 Статья добавлена с сайта 1 Статья добавлена с сайта 1 Статья добавлена с сайта 1 Статья добавлена с сайта 1 Статья добавлена с сайта 1 Статья добавлена с сайта 1 Статья добавлена с сайта 1 Статья добавлена с сайта 1 Статья добавлена с сайта 1 Статья добавлена с сайта 1 Статья добавлена с сайта 1 Статья добавлена с сайта 1 Статья добавлена с сайта 1 Статья добавлена с сайта 1 Статья добавлена с сайта 1 Статья добавлена с сайта 1 Статья добавлена с сайта 1 Статья добавлена с сайта 1 Статья добавлена с сайта 1 Статья добавлена с сайта 1 Статья добавлена с сайта 1 Статья добавлена с сайта 1 Статья добавлена с сайта 1 Статья добавлена с сайта 1 Статья добавлена с сайта 1 Статья добавлена с сайта 1 Статья добавлена с сайта 1 Статья добавлена с сайта 1 Статья добавлена с сайта 1 Статья добавлена с сайта 1 Статья добавлена с сайта 1 Статья добавлена с сайта 1 Статья добавлена с сайта 1 Статья добавлена с сайта 1 Статья добавлена с сайта 1 Статья добавлена с сайта 1 Статья добавлена с сайта 1 Статья добавлена с сайта 1 Статья добавлена с сайта 1 Статья добавлена с сайта 1 Статья добавлена с сайта 1 Статья добавлена с сайта 1 Статья добавлена с сайта 1 Статья добавлена с сайта 1 Статья добавлена с сайта 1 Статья добавлена с сайта 1 Статья добавлена с сайта 1 Статья добавлена с сайта 1 Статья добавлена с сайта 1 Статья добавлена с сайта 1 Статья добавлена с сайта 1 Статья добавлена с сайта 1 Статья добавлена с сайта 1 Статья добавлена с сайта 1 Статья добавлена с сайта 1 Статья добавлена с сайта 1 Статья добавлена с сайта 1 Статья добавлена с сайта 1 Статья добавлена с сайта 1 Статья добавлена с сайта 1 Статья добавлена с сайта 1 Статья добавлена с сайта 1 Статья добавлена с сайта 1 Статья добавлена с сайта 1 Статья добавлена с сайта 1 Статья добавлена с сайта 1 Статья добавлена с сайта 1 Статья добавлена с сайта 1 Статья добавлена с сайта 1 Статья добавлена с сайта 1 Статья добавлена с сайта 1 Статья добавлена с сайта 1 Статья добавлена с сайта 1 Статья добавлена с сайта 1 Статья добавлена с сайта 1 Статья добавлена с сайта 1 Статья добавлена с сайта 1 Статья добавлена с сайта 1 vvvСтатья добавлена с сайта 1", "thumbnail": "images/thumbnails/2024/01/20/home-office-4980353_1280-1140x540_V1bO5Zh.jpg", "status": "published", "time_create": "2024-01-20T11:26:03.964Z", "time_update": "2024-01-28T11:53:36.929Z", "author": 1, "updater": null, "fixed": false, "category": 2}}, {"model": "blog.article", "pk": 7, "fields": {"title": "Статья добавленная с сайта 2 Редакция 5", "slug": "statua-dobavlena-s-sita-2", "short_description": "Статья добавленная с сайта 2 Статья добавленная с сайта 2 Статья добавленная с сайта 2 Статья добавленная с сайта 2 Статья добавленная с сайта 2 Статья добавленная с сайта 2 Статья добавленная с сайта 2 Статья добавленная с сайта 2 Статья добавленная с сайта 2 Статья добавленная с сайта 2 Статья добавленная с сайта 2 Статья добавленная с сайта 2 Статья добавленная с сайта 2 Статья добавленная с сайта 2 Статья добавленная с сайта 2 Статья добавленная с сайта 2 Статья добавленная с сайта 2 Статья", "full_description": "Статья добавленная с сайта 2 Статья добавленная с сайта 2 Статья добавленная с сайта 2 Статья добавленная с сайта 2 Статья добавленная с сайта 2 Статья добавленная с сайта 2 Статья добавленная с сайта 2 Статья добавленная с сайта 2 Статья добавленная с сайта 2 Статья добавленная с сайта 2 Статья добавленная с сайта 2 Статья добавленная с сайта 2 Статья добавленная с сайта 2 Статья добавленная с сайта 2 Статья добавленная с сайта 2 Статья добавленная с сайта 2 Статья добавленная с сайта 2 Статья добавленная с сайта 2 Статья добавленная с сайта 2 Статья добавленная с сайта 2 Статья добавленная с сайта 2 Статья добавленная с сайта 2 Статья добавленная с сайта 2 Статья добавленная с сайта 2 Статья добавленная с сайта 2 Статья добавленная с сайта 2 Статья добавленная с сайта 2 Статья добавленная с сайта 2 Статья добавленная с сайта 2 Статья добавленная с сайта 2 Статья добавленная с сайта 2 Статья добавленная с сайта 2 Статья добавленная с сайта 2 Статья добавленная с сайта 2 Статья добавленная с сайта 2 Статья добавленная с сайта 2 Статья добавленная с сайта 2 Статья добавленная с сайта 2 Статья добавленная с сайта 2 Статья добавленная с сайта 2 Статья добавленная с сайта 2 Статья добавленная с сайта 2 Статья добавленная с сайта 2 Статья добавленная с сайта 2 Статья добавленная с сайта 2 Статья добавленная с сайта 2 Статья добавленная с сайта 2 Статья добавленная с сайта 2 Статья добавленная с сайта 2 Статья добавленная с сайта 2 Статья добавленная с сайта 2 Статья добавленная с сайта 2 Статья добавленная с сайта 2 Статья добавленная с сайта 2 Статья добавленная с сайта 2 Статья добавленная с сайта 2 Статья добавленная с сайта 2 Статья добавленная с сайта 2 Статья добавленная с сайта 2 Статья добавленная с сайта 2 Статья добавленная с сайта 2 Статья добавленная с сайта 2 Статья добавленная с сайта 2 Статья добавленная с сайта 2 Статья добавленная с сайта 2 Статья добавленная с сайта 2 Статья добавленная с сайта 2 Статья добавленная с сайта 2 Статья добавленная с сайта 2 Статья добавленная с сайта 2 Статья добавленная с сайта 2 Статья добавленная с сайта 2 Статья добавленная с сайта 2 Статья добавленная с сайта 2 Статья добавленная с сайта 2 Статья добавленная с сайта 2 Статья добавленная с сайта 2 Статья добавленная с сайта 2 Статья добавленная с сайта 2 Статья добавленная с сайта 2 Статья добавленная с сайта 2 Статья добавленная с сайта 2 Статья добавленная с сайта 2 Статья добавленная с сайта 2 Статья добавленная с сайта 2 Статья добавленная с сайта 2 Статья добавленная с сайта 2 Статья добавленная с сайта 2 Статья добавленная с сайта 2 Статья добавленная с сайта 2 Статья добавленная с сайта 2 Статья добавленная с сайта 2 Статья добавленная с сайта 2 Статья добавленная с сайта 2 Статья добавленная с сайта 2 Статья добавленная с сайта 2 Статья добавленная с сайта 2 Статья добавленная с сайта 2 Статья добавленная с сайта 2 Статья добавленная с сайта 2 Статья добавленная с сайта 2 Статья добавленная с сайта 2 Статья добавленная с сайта 2 Статья добавленная с сайта 2 Статья добавленная с сайта 2 Статья добавленная с сайта 2 Статья добавленная с сайта 2 Статья добавленная с сайта 2 Статья добавленная с сайта 2 Статья добавленная с сайта 2 Статья добавленная с сайта 2 Статья добавленная с сайта 2 Статья добавленная с сайта 2 Статья добавленная с сайта 2 Статья добавленная с сайта 2 Статья добавленная с сайта 2 Статья добавленная с сайта 2 Статья добавленная с сайта 2 Статья добавленная с сайта 2 Статья добавленная с сайта 2 Статья добавленная с сайта 2 Статья добавленная с сайта 2 Статья добавленная с сайта 2 Статья добавленная с сайта 2 Статья добавленная с сайта 2 Статья добавленная с сайта 2 Статья добавленная с сайта 2 Статья добавленная с сайта 2 Статья добавленная с сайта 2 Статья добавленная с сайта 2 Статья добавленная с сайта 2 Статья добавленная с сайта 2 Статья добавленная с сайта 2 Статья добавленная с сайта 2", "thumbnail": "images/thumbnails/2024/01/20/brain-8258274_1920-1140x540_ylpzsmp.jpg", "status": "published", "time_create": "2024-01-20T11:29:21.939Z", "time_update": "2024-01-28T11:53:22.631Z", "author": 1, "updater": null, "fixed": false, "category": 2}}, {"model": "blog.article", "pk": 8, "fields": {"title": "Статья с сайта 4", "slug": "statia-s-saita-4", "short_description": "Статья с сайта 4 Статья с сайта 4 Статья с сайта 4 Статья с сайта 4 Статья с сайта 4 Статья с сайта 4 Статья с сайта 4 Статья с сайта 4 Статья с сайта 4 Статья с сайта 4 Статья с сайта 4 Статья с сайта 4 Статья с сайта 4 Статья с сайта 4 Статья с сайта 4 Статья с сайта 4 Статья с сайта 4 Статья с сайта 4 Статья с сайта 4 Статья с сайта 4 Статья с сайта 4 Статья с сайта 4 Статья с сайта 4 Статья с сайта 4 Статья с сайта 4 Статья с сайта 4 Статья с сайта 4 Статья с сайта 4 Статья с сайта 4 Статья", "full_description": "Статья с сайта 4 Статья с сайта 4 Статья с сайта 4 Статья с сайта 4 Статья с сайта 4 Статья с сайта 4 Статья с сайта 4 Статья с сайта 4 Статья с сайта 4 Статья с сайта 4 Статья с сайта 4 Статья с сайта 4 Статья с сайта 4 Статья с сайта 4 Статья с сайта 4 Статья с сайта 4 Статья с сайта 4 Статья с сайта 4 Статья с сайта 4 Статья с сайта 4 Статья с сайта 4 Статья с сайта 4 Статья с сайта 4 Статья с сайта 4 Статья с сайта 4 Статья с сайта 4 Статья с сайта 4 Статья с сайта 4 Статья с сайта 4 Статья с сайта 4 Статья с сайта 4 Статья с сайта 4 Статья с сайта 4 Статья с сайта 4 Статья с сайта 4 Статья с сайта 4 Статья с сайта 4 Статья с сайта 4 Статья с сайта 4 Статья с сайта 4 Статья с сайта 4 Статья с сайта 4 Статья с сайта 4 Статья с сайта 4 Статья с сайта 4 Статья с сайта 4 Статья с сайта 4 Статья с сайта 4 Статья с сайта 4 Статья с сайта 4 Статья с сайта 4 Статья с сайта 4 Статья с сайта 4 Статья с сайта 4 Статья с сайта 4 Статья с сайта 4 Статья с сайта 4 Статья с сайта 4 Статья с сайта 4 Статья с сайта 4 Статья с сайта 4 Статья с сайта 4 Статья с сайта 4 Статья с сайта 4 Статья с сайта 4 Статья с сайта 4 Статья с сайта 4 Статья с сайта 4 Статья с сайта 4 Статья с сайта 4 Статья с сайта 4 Статья с сайта 4 Статья с сайта 4 Статья с сайта 4 Статья с сайта 4 Статья с сайта 4 Статья с сайта 4 Статья с сайта 4 Статья с сайта 4 Статья с сайта 4 Статья с сайта 4 Статья с сайта 4 Статья с сайта 4 Статья с сайта 4 Статья с сайта 4 Статья с сайта 4 Статья с сайта 4 Статья с сайта 4 Статья с сайта 4 Статья с сайта 4 Статья с сайта 4 Статья с сайта 4 Статья с сайта 4 Статья с сайта 4 Статья с сайта 4 Статья с сайта 4 Статья с сайта 4 Статья с сайта 4 Статья с сайта 4 Статья с сайта 4 Статья с сайта 4 Статья с сайта 4 Статья с сайта 4 Статья с сайта 4 Статья с сайта 4 Статья с сайта 4 Статья с сайта 4 Статья с сайта 4 Статья с сайта 4 Статья с сайта 4 Статья с сайта 4 Статья с сайта 4 Статья с сайта 4 Статья с сайта 4 Статья с сайта 4 Статья с сайта 4 Статья с сайта 4 Статья с сайта 4 Статья с сайта 4 Статья с сайта 4 Статья с сайта 4 Статья с сайта 4 Статья с сайта 4 Статья с сайта 4 Статья с сайта 4 Статья с сайта 4 Статья с сайта 4 Статья с сайта 4 Статья с сайта 4 Статья с сайта 4 Статья с сайта 4 Статья с сайта 4 Статья с сайта 4 Статья с сайта 4 Статья с сайта 4 Статья с сайта 4 Статья с сайта 4 Статья с сайта 4 Статья с сайта 4 Статья с сайта 4 Статья с сайта 4 Статья с сайта 4 Статья с сайта 4 Статья с сайта 4 Статья с сайта 4 Статья с сайта 4 Статья с сайта 4 Статья с сайта 4 Статья с сайта 4 Статья с сайта 4 Статья с сайта 4 Статья с сайта 4 Статья с сайта 4 Статья с сайта 4 Статья с сайта 4 Статья с сайта 4 Статья с сайта 4 Статья с сайта 4 Статья с сайта 4 Статья с сайта 4 Статья с сайта 4 Статья с сайта 4 Статья с сайта 4 Статья с сайта 4 Статья с сайта 4 Статья с сайта 4 Статья с сайта 4 Статья с сайта 4 Статья с сайта 4 Статья с сайта 4 Статья с сайта 4 Статья с сайта 4 Статья с сайта 4 Статья с сайта 4 Статья с сайта 4 Статья с сайта 4 Статья с сайта 4 Статья с сайта 4 Статья с сайта 4 Статья с сайта 4 Статья с сайта 4 Статья с сайта 4 Статья с сайта 4 Статья с сайта 4 Статья с сайта 4 Статья с сайта 4 Статья с сайта 4 Статья с сайта 4 Статья с сайта 4 Статья с сайта 4 Статья с сайта 4 Статья с сайта 4 Статья с сайта 4 Статья с сайта 4 Статья с сайта 4 Статья с сайта 4 Статья с сайта 4 Статья с сайта 4 Статья с сайта 4 Статья с сайта 4 Статья с сайта 4 Статья с сайта 4 Статья с сайта 4 Статья с сайта 4 Статья с сайта 4 Статья с сайта 4 Статья с сайта 4 Статья с сайта 4 Статья с сайта 4 Статья с сайта 4 Статья с сайта 4 Статья с сайта 4 Статья с сайта 4 Статья с сайта 4 Статья с сайта 4 Статья с сайта 4 Статья с сайта 4 Статья с сайта 4 Статья с сайта 4 Статья с сайта 4 Статья с сайта 4 Статья с сайта 4 Статья с сайта 4 Статья с сайта 4 Статья с сайта 4 Статья с сайта 4 Статья с сайта 4 Статья с сайта 4 Статья с сайта 4 Статья с сайта 4 Статья с сайта 4 Статья с сайта 4 Статья с сайта 4 Статья с сайта 4 Статья с сайта 4 Статья с сайта 4 Статья с сайта 4 Статья с сайта 4 Статья с сайта 4 Статья с сайта 4 Статья с сайта 4 Статья с сайта 4 Статья с сайта 4 Статья с сайта 4 Статья с сайта 4 Статья с сайта 4 Статья с сайта 4 Статья с сайта 4 Статья с сайта 4 Статья с сайта 4 Статья с сайта 4 Статья с сайта 4 Статья с сайта 4 Статья с сайта 4 Статья с сайта 4 Статья с сайта 4 Статья с сайта 4", "thumbnail": "images/thumbnails/2024/01/20/home-office-4980353_1280-1140x540_4sbOfGD.jpg", "status": "published", "time_create": "2024-01-20T12:29:43.277Z", "time_update": "2024-01-28T10:53:32.753Z", "author": 1, "updater": null, "fixed": false, "category": 2}}, {"model": "blog.comment", "pk": 1, "fields": {"article": 8, "author": 1, "content": "комментарий 0 комментарий 0 комментарий 0 комментарий 0 комментарий 0 комментарий 0 комментарий 0 комментарий 0 комментарий 0 комментарий 0 комментарий 0 комментарий 0 комментарий 0 комментарий 0 комментарий 0 комментарий 0 комментарий 0 комментарий 0 комментарий 0 комментарий 0 комментарий 0 комментарий 0 комментарий 0 комментарий 0 комментарий 0 комментарий 0 комментарий 0 комментарий 0 комментарий 0 комментарий 0 комментарий 0 комментарий 0 комментарий 0 комментарий 0 комментарий 0 комментарий 0 комментарий 0 комментарий 0 комментарий 0 комментарий 0 комментарий 0 комментарий 0 комментарий 0 комментарий 0 комментарий 0 комментарий 0 комментарий 0 комментарий 0 комментарий 0 комментарий 0 комментарий 0 комментарий 0 комментарий 0 комментарий 0 комментарий 0 комментарий 0 комментарий 0 комментарий 0 комментарий 0 комментарий 0 комментарий 0 комментарий 0 комментарий 0 комментарий 0 комментарий 0 комментарий 0 комментарий 0 комментарий 0 комментарий 0 комментарий 0 комментарий 0 комментарий 0 комментарий 0 м", "time_create": "2024-01-27T12:44:44.641Z", "time_update": "2024-01-27T12:44:44.641Z", "status": "published", "parent": null, "lft": 1, "rght": 4, "tree_id": 1, "level": 0}}, {"model": "blog.comment", "pk": 2, "fields": {"article": 8, "author": 1, "content": "комментарий1 комментарий1 комментарий1 комментарий1 комментарий1 комментарий1 комментарий1 комментарий1 комментарий1 комментарий1 комментарий1 комментарий1 комментарий1 комментарий1 комментарий1 комментарий1 м", "time_create": "2024-01-27T12:44:48.042Z", "time_update": "2024-01-27T12:44:48.043Z", "status": "published", "parent": 1, "lft": 2, "rght": 3, "tree_id": 1, "level": 1}}, {"model": "blog.comment", "pk": 3, "fields": {"article": 8, "author": 1, "content": "sdfhsfdhstrjs", "time_create": "2024-01-27T13:19:18.035Z", "time_update": "2024-01-27T13:19:18.036Z", "status": "published", "parent": null, "lft": 1, "rght": 2, "tree_id": 2, "level": 0}}, {"model": "blog.comment", "pk": 4, "fields": {"article": 8, "author": 1, "content": "gdfgdfgdfgerhe rer her", "time_create": "2024-01-27T13:21:16.100Z", "time_update": "2024-01-27T13:21:16.100Z", "status": "published", "parent": null, "lft": 1, "rght": 2, "tree_id": 3, "level": 0}}, {"model": "blog.comment", "pk": 5, "fields": {"article": 8, "author": 1, "content": "1 comments", "time_create": "2024-01-27T13:30:58.037Z", "time_update": "2024-01-27T13:30:58.037Z", "status": "published", "parent": null, "lft": 1, "rght": 2, "tree_id": 4, "level": 0}}, {"model": "blog.comment", "pk": 6, "fields": {"article": 8, "author": 1, "content": "12110201020", "time_create": "2024-01-27T13:31:30.417Z", "time_update": "2024-01-27T13:31:30.417Z", "status": "published", "parent": null, "lft": 1, "rght": 4, "tree_id": 5, "level": 0}}, {"model": "blog.comment", "pk": 7, "fields": {"article": 8, "author": 1, "content": "00000000 0 0 0 0 00 0", "time_create": "2024-01-27T13:36:16.395Z", "time_update": "2024-01-27T13:36:16.395Z", "status": "published", "parent": null, "lft": 1, "rght": 2, "tree_id": 6, "level": 0}}, {"model": "blog.comment", "pk": 8, "fields": {"article": 8, "author": 1, "content": "admin,  gg  dfdgd fhsh st h", "time_create": "2024-01-27T13:36:42.453Z", "time_update": "2024-01-27T13:36:42.453Z", "status": "published", "parent": 6, "lft": 2, "rght": 3, "tree_id": 5, "level": 1}}, {"model": "blog.comment", "pk": 9, "fields": {"article": 7, "author": 1, "content": "12124 12 41 r", "time_create": "2024-01-27T13:49:03.589Z", "time_update": "2024-01-27T13:49:03.589Z", "status": "published", "parent": null, "lft": 1, "rght": 4, "tree_id": 7, "level": 0}}, {"model": "blog.comment", "pk": 10, "fields": {"article": 7, "author": 1, "content": "admin, rwe we fsdga", "time_create": "2024-01-27T13:49:16.433Z", "time_update": "2024-01-27T13:49:16.433Z", "status": "published", "parent": 9, "lft": 2, "rght": 3, "tree_id": 7, "level": 1}}, {"model": "users.profile", "pk": 1, "fields": {"user": 1, "slug": "admin", "avatar": "images/avatars/2024/01/20/9YVkNTe1Ulw.jpg", "bio": "Меценат - предок виверры лигулы, аликвам витэ, семпер витэ, накопленный в нисле. Вивамус пеллентеск орси сидит и говорит одно слово, например, коммодо нулла консекват.Вивамус пеллентеск орси сидит и говорит одно слово, например, коммодо нулла консекват. Проин-иакулис тристик нисл ут элейфенд. Меценат лакус пурус, малесуада ес шелериск ас, коммодо сед орси. Классовая принадлежность к молчаливому обществу, а также к литоральной силе, необходимой для конубии ностра, Куратор метус фелис, интердум кв", "birth_date": "1999-11-21"}}, {"model": "users.profile", "pk": 23, "fields": {"user": 23, "slug": "kliutko", "avatar": "images/avatars/default.png", "bio": "", "birth_date": null}}, {"model": "users.profile", "pk": 24, "fields": {"user": 24, "slug": "adminka", "avatar": "images/avatars/default.png", "bio": "", "birth_date": null}}, {"model": "system.feedback", "pk": 1, "fields": {"subject": "324567", "email": "375336736012@ya.ru", "content": "2345uykdjfhdssghgjgj", "time_create": "2024-01-28T10:17:31.981Z", "ip_address": null, "user": 1}}, {"model": "system.feedback", "pk": 2, "fields": {"subject": "213467890", "email": "375336736012@ya.ru", "content": "wqertjhmngbfvcs", "time_create": "2024-01-28T10:28:58.618Z", "ip_address": "127.0.0.1", "user": 1}}, {"model": "system.feedback", "pk": 3, "fields": {"subject": "проверка связи", "email": "kliutko.fr@ya.ru", "content": "проверка связипроверка связипроверка связипроверка связипроверка связипроверка связипроверка связипроверка связипроверка связипроверка связипроверка связипроверка связипроверка связипроверка связипроверка связипроверка связипроверка связипроверка связипроверка связипроверка связипроверка связипроверка связипроверка связипроверка связипроверка связипроверка связипроверка связипроверка связипроверка связипроверка связипроверка связипроверка связи", "time_create": "2024-01-28T10:30:02.642Z", "ip_address": "127.0.0.1", "user": 1}}, {"model": "system.feedback", "pk": 4, "fields": {"subject": "Проверка связи без аторизации", "email": "kliutko.fr@gmail.com", "content": "Проверка связи без аторизации Проверка связи без аторизации Проверка связи без аторизации Проверка связи без аторизации Проверка связи без аторизации Проверка связи без аторизации Проверка связи без аторизации Проверка связи без аторизации Проверка связи без аторизации Проверка связи без аторизации Проверка связи без аторизации Проверка связи без аторизации Проверка связи без аторизации Проверка связи без аторизации Проверка связи без аторизации Проверка связи без аторизации Проверка связи без аторизации Проверка связи без аторизации Проверка связи без аторизации Проверка связи без аторизации Проверка связи без аторизации Проверка связи без аторизации Проверка связи без аторизации Проверка связи без аторизации Проверка связи без аторизации Проверка связи без аторизации Проверка связи без аторизации Проверка связи без аторизации Проверка связи без аторизации Проверка связи без аторизации Проверка связи без аторизации Проверка связи без аторизации Проверка связи без аторизации Проверка связи без аторизации Проверка связи без аторизации Проверка связи без аторизации Проверка связи без аторизации Проверка связи без аторизации Проверка связи без аторизации Проверка связи без аторизации Проверка связи без аторизации Проверка связи без аторизации Проверка связи без аторизации Проверка связи без аторизации Проверка связи без аторизации Проверка связи без аторизации Проверка связи без аторизации Проверка связи без аторизации Проверка связи без аторизации Проверка связи без аторизации Проверка связи без аторизации Проверка связи без аторизации Проверка связи без аторизации", "time_create": "2024-01-28T10:35:44.948Z", "ip_address": "127.0.0.1", "user": null}}, {"model": "taggit.tag", "pk": 1, "fields": {"name": "статья", "slug": "статья"}}, {"model": "taggit.tag", "pk": 2, "fields": {"name": "онлайн", "slug": "онлайн"}}, {"model": "taggit.tag", "pk": 3, "fields": {"name": "сайта", "slug": "сайта"}}, {"model": "taggit.tag", "pk": 4, "fields": {"name": "бизнес", "slug": "бизнес"}}, {"model": "taggit.tag", "pk": 5, "fields": {"name": "Статья", "slug": "статья_1"}}, {"model": "taggit.tag", "pk": 6, "fields": {"name": "сайт", "slug": "сайт"}}, {"model": "taggit.taggeditem", "pk": 1, "fields": {"tag": 1, "content_type": 8, "object_id": 8}}, {"model": "taggit.taggeditem", "pk": 2, "fields": {"tag": 2, "content_type": 8, "object_id": 8}}, {"model": "taggit.taggeditem", "pk": 3, "fields": {"tag": 3, "content_type": 8, "object_id": 8}}, {"model": "taggit.taggeditem", "pk": 4, "fields": {"tag": 4, "content_type": 8, "object_id": 8}}, {"model": "taggit.taggeditem", "pk": 5, "fields": {"tag": 3, "content_type": 8, "object_id": 7}}, {"model": "taggit.taggeditem", "pk": 6, "fields": {"tag": 4, "content_type": 8, "object_id": 7}}, {"model": "taggit.taggeditem", "pk": 7, "fields": {"tag": 5, "content_type": 8, "object_id": 7}}, {"model": "taggit.taggeditem", "pk": 8, "fields": {"tag": 6, "content_type": 8, "object_id": 7}}, {"model": "taggit.taggeditem", "pk": 9, "fields": {"tag": 1, "content_type": 8, "object_id": 6}}, {"model": "taggit.taggeditem", "pk": 10, "fields": {"tag": 2, "content_type": 8, "object_id": 6}}, {"model": "taggit.taggeditem", "pk": 11, "fields": {"tag": 3, "content_type": 8, "object_id": 6}}, {"model": "taggit.taggeditem", "pk": 12, "fields": {"tag": 4, "content_type": 8, "object_id": 6}}, {"model": "taggit.taggeditem", "pk": 13, "fields": {"tag": 1, "content_type": 8, "object_id": 4}}, {"model": "taggit.taggeditem", "pk": 14, "fields": {"tag": 2, "content_type": 8, "object_id": 4}}, {"model": "taggit.taggeditem", "pk": 15, "fields": {"tag": 3, "content_type": 8, "object_id": 4}}, {"model": "taggit.taggeditem", "pk": 16, "fields": {"tag": 4, "content_type": 8, "object_id": 4}}]